href,title,description,sub_titles
https://www.section508.gov/test/testing-lifecycle-overview/,Testing Lifecycle,"Learn  about the testing lifecycle: planning, scoping, testing, remediating issues and ongoing monitoring.","['Plan and Scope Testing', 'Gather Testing Materials and Access', 'Conduct ICT Accessibility Testing', 'Review Test Report', 'Remediate Defects', 'Retest for Verification of Remediation', 'Ongoing Monitoring and Maintenance']"
https://www.section508.gov/test/testing-overview/,Testing Methods,"Learn about the several ways to validate Section 508 conformance: automated, manual, and hybrid.","['Automated Testing', 'Technical Requirements', 'Support Services Requirements', 'Validate Rulesets', 'Configure Scans', 'Configure Reports', 'Manual Testing', 'Hybrid Testing', 'Related Resources']"
https://www.section508.gov/tools/tools-for-testing-ict/,Tools for Testing,"Find out more about testing tools, software, and guidance for running tests.","['Testing Tools', 'Training Videos', 'How to Use the Color Contrast Analyzer (CCA)(https://www.section508.gov/training/create/making-color-usage-accessible/color-contrast-analyzer/)', 'How to Use the WebAIM Contrast Checker(https://www.section508.gov/training/create/making-color-usage-accessible/webaim-contrast-checker/)', 'How to Test Color Contrast using the Color Contrast Analyser (CCA)(https://www.section508.gov/training/web-software/andi-training-videos/color-contrast-analyzer/)', 'Related Resources']"
https://www.section508.gov/test/documents/,Test Documents,"Overall guidance for Federal agencies to evaluate digital content, including electronic documents, for conformance to the Revised 508 Standards.","['Definitions', 'Applicability', 'Examples', 'Related Resources']"
https://www.section508.gov/test/ict-hardware-overview/,Test Hardware,"Learn about Federal ICT hardware under Section 508, including accessibility requirements for computers, kiosks, printers, telecom equipment, and more","['Definitions', 'Applicability', 'What Is Not Considered ICT Hardware?', 'Examples', 'Related Resources:']"
https://www.section508.gov/test/software/,Test Software,"Explore Section 508 software accessibility requirements for federal ICT, including desktop, mobile, and cloud apps that must work with assistive technologies.","['Definitions', 'Applicability', 'Examples', 'Related Resources:']"
https://www.section508.gov/test/websites/,Test Websites,"Learn about Section 508 accessibility standards for federal websites and web pages, ensuring compliance for public and internal web content.","['Definitions', 'Applicability', 'Examples:', 'Related Resources:']"
https://www.section508.gov/test/ict-testing-baseline-portfolio/,ICT Testing Baseline Portfolio,"Baseline tests of information and communication technology (ICT) attempt to reduce ambiguity, increase consistency of results, and emphasize methods and techniques to reliably meet federal accessibility requirements.","['What is the ICT Testing Baseline Portfolio?', 'How to Contribute']"
https://www.section508.gov/test/trusted-tester/,Trusted Tester Process & Certification Program,Trusted Tester for Web Certification courses version 5.1.3 is now available.DHS Trusted Tester Training Self-Enrollment Portal(https://training.section508testing.net/),"['DHS Trusted Tester Process & Certification Program', 'On-Demand Webinars', 'Related Resources']"
